﻿{"cameraMode":{"drawMode":0,"name":"Shaded","section":"Shading Mode"},"sceneLighting":true,"audioPlay":false,"sceneViewState":{"showFog":true,"showMaterialUpdate":false,"showSkybox":true,"showFlares":true,"showImageEffects":true,"showParticleSystems":true},"in2DMode":false,"pivot":{"x":-0.7098202109336853,"y":0.6166074275970459,"z":-0.315498948097229},"rotation":{"x":-0.11452750861644745,"y":0.8780654072761536,"z":-0.3836289048194885,"w":-0.26213282346725466},"size":5.599782943725586,"orthographic":false}